Workbook
Name __Anonymous_Sheet_DB__1: #REF!
Name __Anonymous_Sheet_DB__1: #REF!
Name __Anonymous_Sheet_DB__1: #REF!
Name __Anonymous_Sheet_DB__1: #REF!
Name __Anonymous_Sheet_DB__1: #REF!
Name __Anonymous_Sheet_DB__1_1: #REF!
Name __Anonymous_Sheet_DB__1_1: #REF!
Name __Anonymous_Sheet_DB__1_1: #REF!
Name __Anonymous_Sheet_DB__2: #REF!
Name __Anonymous_Sheet_DB__2: #REF!
Name __Anonymous_Sheet_DB__2: #REF!
Name _FilterDatabase_1: #REF!
Name _FilterDatabase_1: #REF!
Name _FilterDatabase_1_1: #REF!
Name _FilterDatabase_1_1: #REF!
Name _FilterDatabase_2: #REF!
Name _FilterDatabase_2: #REF!
Name sss: #REF!
Name sss: #REF!
Name sss: #REF!
Name sss: #REF!
Name sss: #REF!

Sheet 114年12月
A4: =總表!$A$6 -> 114年12月
A5: =總表!$E$6 -> 居服員 | B5: =總表!$D$6 -> N0174 | C5: =總表!$F$6 -> 曾馨幼
A6: 項目(A1) | B6: 薪資/小時 (a) | C6: 200
B7: 工作加給/小時 (aa)
B8: 平日服務時數 (b) | C8: =總表!$O$6 -> 111.5
B9: 本薪 (c) | C9: =總表!$T$6 -> 22300
B10: 平日加班加給/小時 (d) | C10: 66
B11: 平日加班時數 (e) | C11: =總表!$P$6 -> 0
B12: 平日延長加班/假日(休息及國定) 加給/小時 (f) | C12: 200
B13: 延長加班+例假日服務時數 (g) | C13: =總表!$R$6 -> 42
B14: 總加班費 (h) | C14: =總表!$U$6 -> 16800
B15: 津貼/小時 (i) | C15: 50
B16: 總津貼(50*總工作時數 ) (j) | C16: =總表!$V$6 -> 7675
A17: 獎金(A2) | C17: =總表!$W$6 -> 0
A18: 應發薪資(A) | B18: A1(c+h+j)+A2 | C18: =總表!$X$6 -> 46775
A19: 個人扣項 | B19: 勞保費(45800) (k) | C19: =總表!$AA$6 -> 1145
B20: 健保費(50600) (l) | C20: =總表!$AC$6 -> 1570
B21: 二代健保 (m) | C21: =總表!$AE$6 -> 0
B22: 自提勞退 (n) | C22: =總表!$AG$6 -> 0
A23: 應扣總款(B) | B23: k+l+m+n | C23: =總表!$AH$6 -> 2715
A24: 支領現金 | C24: =總表!$AJ$6 -> 0
A25: 實發薪資(C) | B25: 銀行薪轉金額 | C25: =總表!$AK$6 -> 44060
A26: 勞退 (D) | B26: 機構負擔勞退6% | C26: =總表!$AL$6 -> 3036
A27: 實得薪資 | C27: =C25+C26 -> 47096
A28: 備註

Sheet 總表
A4: 基本資料 | J4: 服務所得 | Y4: 勞健保費 | AI4: X-AH | AK4: AI-AJ
A5: 年月 | B5: 正/兼職 | C5: 身分證字號 | D5: 員工編號 | E5: 職稱 | F5: 姓名 | G5: 薪制 | H5: 銀行帳號 | I5: 連絡電話 | J5: 時薪 | K5: 平日工作加給 | L5: 平日加班加給 /B碼拆帳比 /督導常日拆帳比 | M5: 延常例價國定日加給 /A碼拆障比 /督導加班及假日拆帳比 | N5: 津貼 | O5: 平日時數 | P5: 平日加班時數 | Q5: 平日加班時數超過10小時 /總工時累進加給比例 | R5: 例假日時數 | S5: 總工作時數 | T5: 本薪 /服務B碼營業額 | U5: 總加班費 /政策鼓勵A碼獎金 | V5: 總津貼 /服務B碼所得 | W5: 獎金 /政策A碼獎金所得 | X5: 應發薪資 | Y5: 加(退)保日 | Z5: 勞保投保金額 | AA5: 勞保費 | AB5: 健保投保金額 | AC5: 健保費 | AD5: 加保人數 | AE5: 二代健保 補充保費 | AF5: 補充保費計算 | AG5: 自提勞退 / 銀行債務 | AH5: 應扣金額 | AI5: 應付薪資 | AJ5: 支領現金 | AK5: 薪轉金額 | AL5: 公司負擔勞退
A6: 114年12月 | B6: 正 | C6: F224490326 | D6: N0174 | E6: 居服員 | F6: 曾馨幼 | G6: 時薪 | H6: 699513899681 | I6: 0922297795 | J6: 200 | L6: 66 | M6: 200 | N6: 50 | O6: 111.5 | P6: 0 | Q6: 0 | R6: 42 | S6: 153.5 | T6: 22300 | U6: 16800 | V6: 7675 | W6: 0 | X6: 46775 | Y6: 114/11/01 | Z6: 45800 | AA6: 1145 | AB6: 50600 | AC6: 1570 | AD6: 1 | AE6: 0 | AF6: -81 | AG6: 0 | AH6: 2715 | AI6: 44060 | AJ6: 0 | AK6: 44060 | AL6: 3036 | BT6: 吳虹儒 | BV6: 0 | BX6: 吳虹儒 | BZ6: 57 | CB6: 王麗雯 | CC6: 49930 | CD6: 20189.3 | CF6: 王麗雯

Sheet AA碼季獎金
A11: 建立時間: 2026/1/28
A12: 新北市私立五棵松居家長照機構 2025年09月 員工拆帳明細表
A13: 曾馨幼 | E13: 拆帳金額 | F13: 2420 | G13: 廖梅 | H13: 劉玉麟 | I13: 嚴素菁
A14: 一般/偏鄉 | B14: 項目名稱 | C14: 編號 | D14: 單價 | E14: 組數 | F14: 小計 | G14: 組數 | H14: 組數 | I14: 組數 | J14: 組數 | K14: 組數 | L14: 組數 | M14: 組數 | N14: 組數 | O14: 組數 | P14: 組數 | Q14: 組數 | R14: 組數 | S14: 組數 | T14: 組數 | U14: 組數 | V14: 組數 | W14: 組數 | X14: 組數 | Y14: 組數 | Z14: 組數 | AA14: 組數 | AB14: 組數 | AC14: 組數 | AD14: 組數 | AE14: 組數 | AF14: 組數 | AG14: 組數 | AH14: 組數 | AI14: 組數 | AJ14: 組數 | AK14: 組數 | AL14: 組數 | AM14: 組數 | AN14: 組數 | AO14: 組數 | AP14: 組數
A15: 一般價格 | B15: 照顧困難之服務加計 | C15: AA05(10712) | D15: 60 | E15: 22 | F15: 1320 | I15: 22
A16: 一般價格 | B16: 例假日服務 | C16: AA09 | D16: 0 | E16: 5 | F16: 0 | G16: 1 | H16: 3 | I16: 1
A17: 一般價格 | B17: 照顧服務員進階訓練 | C17: AA11 | D17: 50 | E17: 22 | F17: 1100 | I17: 22
A19: 114年第3季AA碼獎金= | C19: =#REF! -> #REF!
A20: =SUM(C19:C21) -> #REF! | C20: =#REF! -> #REF!
C21: =F13 -> 2420

Sheet format
A6: 項目(A1) | B6: 薪資/小時 (a) | C6: 200
B7: 工作加給/小時 (aa)
B8: 平日服務時數 (b)
B9: 本薪 (c)
B10: 平日加班加給/小時 (d) | C10: 66
B11: 平日加班時數 (e)
B12: 平日延長加班/假日(休息及國定) 加給/小時 (f) | C12: 200
B13: 延長加班+例假日服務時數 (g)
B14: 總加班費 (h)
B15: 津貼/小時 (i) | C15: 50
B16: 總津貼(50*總工作時數 ) (j)
A17: 獎金(A2)
A18: 應發薪資(A) | B18: A1(c+h+j)+A2
A19: 個人扣項
B21: 二代健保 (m)
B22: 自提勞退 (n)
A23: 應扣總款(B) | B23: k+l+m+n
A24: 支領現金
A25: 實發薪資(C) | B25: 銀行薪轉金額
A26: 勞退 (D) | B26: 機構負擔勞退6%
A27: 實得薪資 | C27: =C25+C26 -> 0
A28: 備註
